Date,Description,Original Description,Amount,Transaction Type,Category,Account Name,Labels,Notes
10/30/2017,NH Liquor Store,NH LIQUOR STORE #38,17.94,debit,Alcohol & Bars,Venture,,
8/21/2017,NH Liquor Store,NH LIQUOR STORE #43,24.99,debit,Alcohol & Bars,Venture,,
8/7/2017,NH Liquor Store,NH LIQUOR STORE #43,24.99,debit,Alcohol & Bars,Venture,,
2/27/2017,NH Liquor Store,NH LIQUOR STORE #43,13.99,debit,Alcohol & Bars,Venture,,
11/22/2017,Liberty Mutual,LIBERTY MUTUAL RECUR,159.59,debit,Auto Insurance,Venture,,
10/23/2017,Liberty Mutual,LIBERTY MUTUAL RECUR,159.58,debit,Auto Insurance,Venture,,
9/21/2017,Liberty Mutual,LIBERTY MUTUAL RECUR,159.58,debit,Auto Insurance,Venture,,
8/23/2017,Liberty Mutual,LIBERTY MUTUAL RECUR,159.58,debit,Auto Insurance,Venture,,
7/22/2017,Liberty Mutual,LIBERTY MUTUAL RECUR,159.58,debit,Auto Insurance,Venture,,
6/22/2017,Liberty Mutual,LIBERTY MUTUAL RECUR,145.48,debit,Auto Insurance,Venture,,
5/24/2017,Liberty Mutual,LIBERTY MUTUAL RECUR,145.49,debit,Auto Insurance,Venture,,
4/22/2017,Liberty Mutual,LIBERTY MUTUAL RECUR,145.48,debit,Auto Insurance,Venture,,
3/22/2017,Liberty Mutual,LIBERTY MUTUAL RECUR,145.49,debit,Auto Insurance,Venture,,
2/22/2017,Liberty Mutual,LIBERTY MUTUAL RECUR,145.48,debit,Auto Insurance,Venture,,
1/23/2017,Liberty Mutual,LIBERTY MUTUAL RECUR,152.09,debit,Auto Insurance,Venture,,
12/21/2016,Liberty Mutual,LIBERTY MUTUAL RECUR,152.08,debit,Auto Insurance,Venture,,
11/23/2016,Liberty Mutual,LIBERTY MUTUAL RECUR,152.09,debit,Auto Insurance,Venture,,
10/22/2016,Liberty Mutual,LIBERTY MUTUAL RECUR,135.58,debit,Auto Insurance,Venture,,
9/21/2016,Liberty Mutual,LIBERTY MUTUAL RECUR,135.58,debit,Auto Insurance,Venture,,
8/24/2016,Liberty Mutual,LIBERTY MUTUAL RECUR,130.08,debit,Auto Insurance,Venture,,
7/21/2016,Liberty Mutual,LIBERTY MUTUAL RECUR,130.08,debit,Auto Insurance,Venture,,
11/14/2016,PORT CITY NISSAN INC,PORT CITY NISSAN INC,1000,debit,Auto Payment,Venture,,
10/11/2017,Amazon,Amazon,14.99,debit,Baby Supplies,Venture,,
9/26/2017,Amazon,Amazon,6.79,debit,Baby Supplies,Venture,,
9/23/2017,Amazon,Amazon,5.94,debit,Baby Supplies,Venture,,
9/23/2017,Amazon,Amazon,90.21,debit,Baby Supplies,Venture,,
9/7/2017,Amazon,Amazon,33.83,debit,Baby Supplies,Venture,,
8/24/2017,Amazon,Amazon,22.95,debit,Baby Supplies,Venture,,
7/28/2017,Amazon,Amazon,28.94,debit,Baby Supplies,Venture,,
6/15/2017,Amazon,Amazon,12.48,debit,Baby Supplies,Venture,,
6/14/2017,Amazon,Amazon,12.91,debit,Baby Supplies,Venture,,
6/1/2017,Amazon,Amazon,13.45,debit,Baby Supplies,Venture,,
5/27/2017,Amazon,Amazon,49,debit,Baby Supplies,Venture,,
5/16/2017,Amazon,Amazon,9.99,debit,Baby Supplies,Venture,,
5/15/2017,Amazon,Amazon,9.8,debit,Baby Supplies,Venture,,
10/23/2017,CARSEAT CANOPY LLC,CARSEAT CANOPY LLC,14.99,debit,Baby Supplies,Venture,,
10/5/2016,C J Bus,C AND J BUS LINES,96,debit,Bus/Train,Venture,,
1/13/2017,Time Warner,TWC*TIME WARNER CABLE,134.92,debit,Cable/ Internet,Venture,,
11/12/2016,Time Warner,TWC*TIME WARNER CABLE,132.66,debit,Cable/ Internet,Venture,,
10/14/2016,Time Warner,TWC*TIME WARNER CABLE,132.69,debit,Cable/ Internet,Venture,,
8/5/2017,Capital One,CAPITAL ONE MEMBER FEE,59,debit,Subscriptions,Venture,,
8/5/2016,Capital One,CAPITAL ONE MEMBER FEE,59,debit,Subscriptions,Venture,,
10/25/2017,AUTO AIR & VACUUM SERVICE,AUTO AIR & VACUUM SERVICE,1.5,debit,Car Wash,Venture,,
9/30/2016,AUTO AIR & VACUUM SERVICE,AUTO AIR & VACUUM SVC,1.5,debit,Car Wash,Venture,,
9/30/2016,AUTO AIR & VACUUM SERVICE,AUTO AIR & VACUUM SVC,1.5,debit,Car Wash,Venture,,
9/5/2016,WONDERLAND,WONDERLAND,5,debit,Car Wash,Venture,,
10/21/2017,Amazon,Amazon,11.99,debit,Clothing,Venture,,
10/18/2017,Amazon,Amazon,23.5,debit,Clothing,Venture,,
10/17/2017,Amazon,Amazon,23.53,debit,Clothing,Venture,,
12/16/2016,Fanatics.com,FRG*FANATICS.COM,59.98,debit,Clothing,Venture,,
5/8/2017,JCPenney,JCPENNEY 2250,17.99,debit,Clothing,Venture,,
8/15/2016,JCPenney,JCPENNEY 2880,29.99,debit,Clothing,Venture,,
11/9/2017,Kohl's,KOHL'S #1137,33.99,debit,Clothing,Venture,,
11/6/2017,Kohl's,KOHL'S #1137,123.16,debit,Clothing,Venture,,
11/6/2017,Kohl's,KOHL'S #1137,58,credit,Clothing,Venture,,
10/30/2017,Kohl's,KOHL'S #0534,58,debit,Clothing,Venture,,
10/14/2017,Kohl's,WWW.KOHLS.COM #0873,26.94,debit,Clothing,Venture,,
8/31/2017,Kohl's,KOHL'S #1137,6,debit,Clothing,Venture,,
12/19/2016,Kohl's,KOHL'S #1137,63.17,debit,Clothing,Venture,,
11/7/2016,Kohl's,KOHL'S #1137,34.99,credit,Clothing,Venture,,
11/1/2016,Kohl's,KOHL'S #1137,34.99,debit,Clothing,Venture,,
10/10/2016,Kohl's,KOHL'S #1137,21.59,debit,Clothing,Venture,,
9/20/2016,Levis Outlet,LEVIS OUTLET 226,104.97,debit,Clothing,Venture,,
10/14/2017,Old Navy,OLD NAVY ON-LINE,6.48,debit,Clothing,Venture,,
10/13/2017,Old Navy,OLD NAVY ON-LINE,38.53,debit,Clothing,Venture,,
8/15/2016,POLO/RL/N CONWAY 6,POLO/RL/N CONWAY 6,44.62,debit,Clothing,Venture,,
9/25/2017,Aroma Joes,Aroma Joes,8.25,debit,Coffee Shops,Venture,,
7/31/2017,Aroma Joes,Aroma Joes,4,debit,Coffee Shops,Venture,,
7/4/2017,Aroma Joes,Aroma Joes,5.5,debit,Coffee Shops,Venture,,
8/1/2016,Aroma Joes,Aroma Joes,7.5,debit,Coffee Shops,Venture,,
8/5/2016,CVS,CMSVEND*A&B VENDING CO,0.65,debit,Coffee Shops,Venture,,
8/31/2017,Dunkin Donuts,DUNKIN #341729     Q35,6.34,debit,Coffee Shops,Venture,,
3/30/2017,Dunkin Donuts,DUNKIN #334756       Q35,7.24,debit,Coffee Shops,Venture,,
12/31/2016,Dunkin Donuts,DUNKIN #301407     Q35,4.33,debit,Coffee Shops,Venture,,
10/24/2017,NexDine,TST* NEXDINE - 250 - CAFE,4.35,debit,Coffee Shops,Venture,,
10/24/2017,NexDine,TST* NEXDINE - 250 - CAFE,2.96,debit,Coffee Shops,Venture,,
10/25/2017,Starbucks,STARBUCKS STORE 10325,8.18,debit,Coffee Shops,Venture,,
5/8/2017,Starbucks,STARBUCKS STORE 10325,4.09,debit,Coffee Shops,Venture,,
5/4/2017,Travel Reward,CREDIT-TRAVEL REWARD,22.91,credit,Credit Card Rewards,Venture,,
12/13/2016,Travel Reward,CREDIT-TRAVEL REWARD,218.85,credit,Credit Card Rewards,Venture,,
11/20/2017,Stillwater Kennels,STILLWATER KENNELS AND T,52,debit,Daycare,Venture,,
4/12/2017,Stillwater Kennels,STILLWATER KENNELS AND T,435,debit,Daycare,Venture,,
3/29/2017,Stillwater Kennels,STILLWATER KENNELS AND T,130,debit,Daycare,Venture,,
1/26/2017,Stillwater Kennels,STILLWATER KENNELS AND T,435,debit,Daycare,Venture,,
12/16/2016,Stillwater Kennels,STILLWATER KENNELS AND T,45,debit,Daycare,Venture,,
12/12/2016,Stillwater Kennels,STILLWATER KENNELS AND T,247.5,debit,Daycare,Venture,,
11/22/2016,Stillwater Kennels,STILLWATER KENNELS AND T,435,debit,Daycare,Venture,,
10/10/2016,Stillwater Kennels,STILLWATER KENNELS AND T,26,debit,Daycare,Venture,,
10/6/2016,Stillwater Kennels,STILLWATER KENNELS AND T,435,debit,Daycare,Venture,,
9/19/2016,Stillwater Kennels,STILLWATER KENNELS AND T,82.5,debit,Daycare,Venture,,
8/20/2016,Stillwater Kennels,STILLWATER KENNELS AND T,435,debit,Daycare,Venture,,
11/17/2017,Jd Howard Dental,JD HOWARD DENTAL LLC,50,credit,Dentist,Venture,,
9/23/2017,Jd Howard Dental,JD HOWARD DENTAL LLC,50,debit,Dentist,Venture,,
7/29/2016,Frisbie Memorial Hospital,FRISBIE MEMORIAL HO,119,debit,Doctor,Venture,,
3/4/2017,MANCHESTER UROLOGY,MANCHESTER UROLOGY,163.86,debit,Doctor,Venture,,
10/14/2017,"PRECISION TOXICOLOGY,","PRECISION TOXICOLOGY,",25.57,debit,Doctor,Venture,,
10/14/2017,SEACOAST RADIOLOGY P.A.,SEACOAST RADIOLOGY P.A.,30.88,debit,Doctor,Venture,,
9/13/2017,SEQUENOM CENTER FOR MOL,SEQUENOM CENTER FOR MOL,200,debit,Doctor,Venture,,
9/14/2017,WENTWORTH DOUGLASS PHYSIC,WENTWORTH DOUGLASS PHYSIC,126.97,debit,Doctor,Venture,,
3/30/2017,WHPARTNERS,WHPARTNERS,123.32,debit,Doctor,Venture,,
9/11/2017,SNHU BURSAR,SNHU BURSAR,150,debit,Education,Venture,,
2/18/2017,E-ZPass,NH TURNPIKE E-Z PASS,10.5,debit,EZ Pass Tolls,Venture,,
10/28/2016,E-ZPass,NH TURNPIKE E-Z PASS,1.75,debit,EZ Pass Tolls,Venture,,
7/29/2016,E-ZPass,NH TURNPIKE E-Z PASS,3.5,debit,EZ Pass Tolls,Venture,,
7/3/2017,Burger King,BURGER KING #5225,6.75,debit,Fast Food,Venture,,
3/29/2017,JetBlue,JETBLUE INFLIGHT,14,debit,Fast Food,Venture,,
12/12/2016,JetBlue,JETBLUE INFLIGHT,14,debit,Fast Food,Venture,,
7/15/2017,KFC,KFC F070024,11.65,debit,Fast Food,Venture,,
10/23/2017,Liberty Cafe,LIBERTY CAFE  18068791,2.75,debit,Fast Food,Venture,,
10/23/2017,Liberty Cafe,LIBERTY CAFE  18068791,1.4,debit,Fast Food,Venture,,
10/21/2017,Liberty Cafe,LIBERTY CAFE  18068791,5.2,debit,Fast Food,Venture,,
9/8/2017,Liberty Cafe,LIBERTY CAFE  18068791,7.1,debit,Fast Food,Venture,,
8/16/2017,Liberty Cafe,LIBERTY CAFE  18068791,1.7,debit,Fast Food,Venture,,
7/31/2017,Liberty Cafe,LIBERTY CAFE  18068791,2.75,debit,Fast Food,Venture,,
7/31/2017,Liberty Cafe,LIBERTY CAFE  18068791,5.2,debit,Fast Food,Venture,,
6/26/2017,Liberty Cafe,LIBERTY CAFE  18068791,0.49,debit,Fast Food,Venture,,
6/26/2017,Liberty Cafe,LIBERTY CAFE  18068791,5.2,debit,Fast Food,Venture,,
6/3/2017,Liberty Cafe,LIBERTY CAFE  18068791,2.75,debit,Fast Food,Venture,,
2/25/2017,Liberty Cafe,LIBERTY CAFE  18068791,2.2,debit,Fast Food,Venture,,
2/24/2017,Liberty Cafe,LIBERTY CAFE  18068791,2.75,debit,Fast Food,Venture,,
2/22/2017,Liberty Cafe,LIBERTY CAFE  18068791,2.2,debit,Fast Food,Venture,,
2/17/2017,Liberty Cafe,LIBERTY CAFE  18068791,4.25,debit,Fast Food,Venture,,
2/16/2017,Liberty Cafe,LIBERTY CAFE  18068791,2.5,debit,Fast Food,Venture,,
2/8/2017,Liberty Cafe,LIBERTY CAFE  18068791,2.75,debit,Fast Food,Venture,,
10/28/2016,Liberty Cafe,LIBERTY CAFE  18068791,2.7,debit,Fast Food,Venture,,
8/20/2016,Liberty Cafe,LIBERTY CAFE  18068791,7.95,debit,Fast Food,Venture,,
8/10/2016,Liberty Cafe,LIBERTY CAFE  18068791,2.7,debit,Fast Food,Venture,,
8/4/2016,Liberty Cafe,LIBERTY CAFE  18068791,2.7,debit,Fast Food,Venture,,
8/1/2016,Liberty Cafe,LIBERTY CAFE  18068791,12.51,debit,Fast Food,Venture,,
7/4/2017,Lone Oak Ice Cream,LONE OAK ICE CREAM,20.85,debit,Fast Food,Venture,,
10/9/2017,McDonald's,MCDONALD'S F25743,2.73,debit,Fast Food,Venture,,
9/14/2017,McDonald's,MCDONALD'S F1964,5.76,debit,Fast Food,Venture,,
8/25/2017,McDonald's,MCDONALD'S F990,4.14,debit,Fast Food,Venture,,
8/4/2017,McDonald's,MCDONALD'S F990,5.12,debit,Fast Food,Venture,,
5/6/2017,McDonald's,MCDONALD'S F990,4.79,debit,Fast Food,Venture,,
4/17/2017,McDonald's,MCDONALD'S F25743,10.45,debit,Fast Food,Venture,,
9/5/2016,McDonald's,MCDONALD'S F25743,12.36,debit,Fast Food,Venture,,
8/8/2016,McDonald's,MCDONALD'S F25743,12.72,debit,Fast Food,Venture,,
8/3/2016,McDonald's,MCDONALD'S F25743,4.45,debit,Fast Food,Venture,,
9/5/2016,MEGUMI OF JAPAN,MEGUMI OF JAPAN,7.8,debit,Fast Food,Venture,,
10/20/2017,Panera Bread,PANERA BREAD #203406,10.87,debit,Fast Food,Venture,,
9/5/2016,PHILADELPHIA STEAK & HOA,PHILADELPHIA STEAK & HOA,11.76,debit,Fast Food,Venture,,
11/15/2017,Pizza Hut,Pizza Hut,12.68,debit,Fast Food,Venture,,
9/23/2017,Pizza Hut,PIZZA HUT #33573,11.45,debit,Fast Food,Venture,,
10/16/2017,Taco Bell,TACO BELL #29561,7.62,debit,Fast Food,Venture,,
9/15/2017,Tropical Smoothie Cafe,TROPICAL SMOOTHIE CAFE -,6.31,debit,Fast Food,Venture,,
9/2/2016,Tropical Smoothie Cafe,TROPICAL SMOOTHIE CAFE -,5.98,debit,Fast Food,Venture,,
7/29/2017,Papa Gino's,TST*PAPAGINOS 0312 ROCHES,20.05,debit,Fast Food,Venture,,
8/28/2017,Wendys,WENDYS,4.45,debit,Fast Food,Venture,,
8/8/2016,WONTON`S CHINESE RESTAURA,WONTON`S CHINESE RESTAURA,27.63,debit,Fast Food,Venture,,
7/11/2017,WONTONS,WONTONS,27.47,debit,Fast Food,Venture,,
11/7/2017,Circle K,CIRCLE K 07248,35,debit,Gas & Fuel,Venture,,
10/30/2017,Circle K,CIRCLE K 07248,50,debit,Gas & Fuel,Venture,,
10/24/2017,Circle K,CIRCLE K 07248,35.13,debit,Gas & Fuel,Venture,,
10/16/2017,Circle K,CIRCLE K 07248,50,debit,Gas & Fuel,Venture,,
10/2/2017,Circle K,CIRCLE K 07248,13.59,debit,Gas & Fuel,Venture,,
9/23/2017,Circle K,CIRCLE K 07248,25,debit,Gas & Fuel,Venture,,
9/7/2017,Circle K,CIRCLE K 07248,25.05,debit,Gas & Fuel,Venture,,
8/24/2017,Circle K,CIRCLE K 07248,20.01,debit,Gas & Fuel,Venture,,
8/3/2017,Circle K,CIRCLE K 07248,25,debit,Gas & Fuel,Venture,,
5/25/2017,Circle K,CIRCLE K 07248,30.17,debit,Gas & Fuel,Venture,,
5/8/2017,Circle K,CIRCLE K 07248,30.47,debit,Gas & Fuel,Venture,,
6/19/2017,Gulf,GULF OIL 91802701,24.79,debit,Gas & Fuel,Venture,,
5/11/2017,Gulf,GULF OIL 91802701,20.04,debit,Gas & Fuel,Venture,,
10/9/2017,Shell,SHELL OIL 57544924301,25.03,debit,Gas & Fuel,Venture,,
8/16/2017,SUNOCO 0598351500,SUNOCO 0598351500,26.55,debit,Gas & Fuel,Venture,,
7/4/2017,UNIFIED PARK,UNIFIED PARK,10.5,debit,Gas & Fuel,Venture,,
10/19/2017,Circle K,CIRCLE K 07248,9.39,debit,Gas Stn Snacks/Beer,Venture,,
10/2/2017,Circle K,CIRCLE K 07248,9.99,debit,Gas Stn Snacks/Beer,Venture,,
9/25/2017,Circle K,CIRCLE K 07216,9.99,debit,Gas Stn Snacks/Beer,Venture,,
8/21/2017,Circle K,CIRCLE K 07248,7.68,debit,Gas Stn Snacks/Beer,Venture,,
8/21/2017,Circle K,CIRCLE K 07248,4.99,debit,Gas Stn Snacks/Beer,Venture,,
8/17/2017,Circle K,CIRCLE K 07248,5.44,debit,Gas Stn Snacks/Beer,Venture,,
8/5/2017,Circle K,CIRCLE K 07248,1.99,debit,Gas Stn Snacks/Beer,Venture,,
7/13/2017,Circle K,CIRCLE K 07248,9.18,debit,Gas Stn Snacks/Beer,Venture,,
6/29/2017,Circle K,CIRCLE K 07248,13.06,debit,Gas Stn Snacks/Beer,Venture,,
6/24/2017,Circle K,CIRCLE K 07248,14.98,debit,Gas Stn Snacks/Beer,Venture,,
6/15/2017,Circle K,CIRCLE K 07248,7.06,debit,Gas Stn Snacks/Beer,Venture,,
6/6/2017,Circle K,CIRCLE K 07248,8.16,debit,Gas Stn Snacks/Beer,Venture,,
6/2/2017,Circle K,CIRCLE K 07248,7.06,debit,Gas Stn Snacks/Beer,Venture,,
5/26/2017,Circle K,CIRCLE K 07248,3.38,debit,Gas Stn Snacks/Beer,Venture,,
5/22/2017,Circle K,CIRCLE K 07248,8.98,debit,Gas Stn Snacks/Beer,Venture,,
3/31/2017,Circle K,CIRCLE K 07248,3.38,debit,Gas Stn Snacks/Beer,Venture,,
2/23/2017,Circle K,CIRCLE K 07248,4.38,debit,Gas Stn Snacks/Beer,Venture,,
2/10/2017,Circle K,CIRCLE K 07248,7.37,debit,Gas Stn Snacks/Beer,Venture,,
2/3/2017,Circle K,CIRCLE K 07248,4.38,debit,Gas Stn Snacks/Beer,Venture,,
2/1/2017,Circle K,CIRCLE K 07248,6.07,debit,Gas Stn Snacks/Beer,Venture,,
9/3/2016,Circle K,CIRCLE K 07248,8.99,debit,Gas Stn Snacks/Beer,Venture,,
11/10/2017,Cumberland Farms,CUMBERLAND FARMS 5541,6.99,debit,Gas Stn Snacks/Beer,Venture,,
10/24/2017,Cumberland Farms,CUMBERLAND FARMS 5541,6.99,debit,Gas Stn Snacks/Beer,Venture,,
10/4/2017,Cumberland Farms,CUMBERLAND FARMS 5541,8.37,debit,Gas Stn Snacks/Beer,Venture,,
9/14/2017,Cumberland Farms,CUMBERLAND FARMS 5541,4.99,debit,Gas Stn Snacks/Beer,Venture,,
7/25/2017,Cumberland Farms,CUMBERLAND FARMS 5541,9.99,debit,Gas Stn Snacks/Beer,Venture,,
10/23/2017,Gulf,GULF OIL 91802701,2.14,debit,Gas Stn Snacks/Beer,Venture,,
7/31/2017,Gulf,GULF OIL 91802701,8.68,debit,Gas Stn Snacks/Beer,Venture,,
7/17/2017,Gulf,GULF OIL 91802701,1.89,debit,Gas Stn Snacks/Beer,Venture,,
7/3/2017,Gulf,GULF OIL 91802701,6.39,debit,Gas Stn Snacks/Beer,Venture,,
7/3/2017,Shell,SHELL OIL 57544924103,3.58,debit,Gas Stn Snacks/Beer,Venture,,
9/18/2017,SUNOCO 0598351500,SUNOCO 0598351500,7.07,debit,Gas Stn Snacks/Beer,Venture,,
9/2/2017,SUNOCO 0598351500,SUNOCO 0598351500,2.71,debit,Gas Stn Snacks/Beer,Venture,,
7/31/2017,SUNOCO 0598351500,SUNOCO 0598351500,2.71,debit,Gas Stn Snacks/Beer,Venture,,
7/6/2017,SUNOCO 0598351500,SUNOCO 0598351500,7.32,debit,Gas Stn Snacks/Beer,Venture,,
6/3/2017,SUNOCO 0598351500,SUNOCO 0598351500,2.71,debit,Gas Stn Snacks/Beer,Venture,,
12/20/2016,Best Buy,BestBuyCom794211066396,79.99,debit,Gifts & Donations,Venture,,
12/22/2016,THE UPS STORE 4927,THE UPS STORE 4927,76.03,debit,Gifts & Donations,Venture,,
8/7/2017,BJ's Wholesale Club,BJ WHOLESALE #0062,113.92,debit,Groceries,Venture,,
3/20/2017,BJ's Wholesale Club,BJ WHOLESALE #0062,79.75,debit,Groceries,Venture,,
1/2/2017,BJ's Wholesale Club,BJ WHOLESALE #0149,85.94,debit,Groceries,Venture,,
9/15/2016,BJ's Wholesale Club,BJ WHOLESALE #0062,176.6,debit,Groceries,Venture,,
9/5/2016,BJ's Wholesale Club,BJ WHOLESALE #0062,50,debit,Groceries,Venture,,
9/5/2016,BJ's Wholesale Club,BJ WHOLESALE #0062,149.45,debit,Groceries,Venture,,
11/20/2017,Hannaford,Hannaford,101.94,debit,Groceries,Venture,,
10/26/2017,Hannaford,Hannaford,14.57,debit,Groceries,Venture,,
10/9/2017,Hannaford,Hannaford,6.56,debit,Groceries,Venture,,
9/23/2017,Hannaford,Hannaford,106.93,debit,Groceries,Venture,,
9/11/2017,Hannaford,Hannaford,103.84,debit,Groceries,Venture,,
8/31/2017,Hannaford,Hannaford,5.98,debit,Groceries,Venture,,
8/14/2017,Hannaford,Hannaford,113.51,debit,Groceries,Venture,,
7/17/2017,Hannaford,Hannaford,77.55,debit,Groceries,Venture,,
5/31/2017,Hannaford,Hannaford,13.01,debit,Groceries,Venture,,
5/25/2017,Hannaford,Hannaford,21.78,debit,Groceries,Venture,,
5/9/2017,Hannaford,Hannaford,9.77,debit,Groceries,Venture,,
4/17/2017,Hannaford,Hannaford,124.99,debit,Groceries,Venture,,
4/12/2017,Hannaford,Hannaford,31.68,debit,Groceries,Venture,,
2/15/2017,Hannaford,Hannaford,16.99,debit,Groceries,Venture,,
2/6/2017,Hannaford,Hannaford,16.17,debit,Groceries,Venture,,
12/13/2016,Hannaford,Hannaford,15.78,debit,Groceries,Venture,,
9/15/2016,Hannaford,Hannaford,224.06,debit,Groceries,Venture,,
9/14/2016,Hannaford,Hannaford,13.76,debit,Groceries,Venture,,
9/7/2016,Hannaford,Hannaford,31.87,debit,Groceries,Venture,,
8/8/2016,Hannaford,Hannaford,19.8,debit,Groceries,Venture,,
8/28/2017,Lovell Lake Food Center,LOVELL LAKE FOOD CE,4.77,debit,Groceries,Venture,,
11/21/2017,Market Basket,MARKET BASKET 00000810,21.14,debit,Groceries,Venture,,
10/9/2017,Market Basket,MARKET BASKET 00000810,50.26,debit,Groceries,Venture,,
3/13/2017,Market Basket,MARKET BASKET 00000810,102.36,debit,Groceries,Venture,,
10/10/2016,Market Basket,MARKET BASKET 00000810,99.37,debit,Groceries,Venture,,
9/6/2016,Market Basket,MARKET BASKET 00000505,96.59,debit,Groceries,Venture,,
8/22/2016,Market Basket,MARKET BASKET 00000810,54.34,debit,Groceries,Venture,,
8/15/2016,Market Basket,MARKET BASKET800000810,93.89,debit,Groceries,Venture,,
2/16/2017,Maurice's,MAURICE'S #1644,116.25,debit,Groceries,Venture,,
8/29/2017,MCKENZIES FARM,MCKENZIES FARM - NE POND,15.73,debit,Groceries,Venture,,
2/20/2017,THE GOODS MARKET,THE GOODS MARKET,18.22,debit,Groceries,Venture,,
9/5/2017,Wal-Mart,WAL-MART #2330,25.07,debit,Groceries,Venture,,
12/24/2016,Wal-Mart,WAL-MART #2130,24.23,debit,Groceries,Venture,,
12/19/2016,Wal-Mart,WAL-MART #2330,141.48,debit,Groceries,Venture,,
11/25/2016,Wal-Mart,WAL-MART #2330,29.49,credit,Groceries,Venture,,
9/16/2016,Wal-Mart,WAL-MART #2330,44.24,debit,Groceries,Venture,,
9/10/2016,Wal-Mart,WAL-MART #2330,51.32,debit,Groceries,Venture,,
10/24/2017,Wal-Mart,WM SUPERCENTER #2330,3.98,debit,Groceries,Venture,,
10/23/2017,Wal-Mart,WM SUPERCENTER #2330,30.58,debit,Groceries,Venture,,
9/8/2017,Wal-Mart,WM SUPERCENTER #2330,10.4,debit,Groceries,Venture,,
11/14/2016,Wal-Mart,WM SUPERCENTER #2330,39.33,debit,Groceries,Venture,,
8/29/2016,Wal-Mart,WM SUPERCENTER #2330,7.94,debit,Groceries,Venture,,
10/3/2017,ZEBS GENERAL STORE,ZEBS GENERAL STORE,17.19,debit,Groceries,Venture,,
9/18/2017,Extreme Hair,EXTREME HAIR,95,debit,Hair,Venture,,
3/20/2017,Extreme Hair,EXTREME HAIR,16,debit,Hair,Venture,,
3/6/2017,Extreme Hair,EXTREME HAIR,30,debit,Hair,Venture,,
12/30/2016,Extreme Hair,EXTREME HAIR,25,debit,Hair,Venture,,
10/12/2016,Extreme Hair,EXTREME HAIR,30,debit,Hair,Venture,,
11/4/2016,SQ *CASSONDRA TRASK,SQ *CASSONDRA TRASK,30,debit,Hair,Venture,,
6/30/2017,A-D Archambault Plumbing,A-D ARCHAMBAULT PL,175,debit,Home Supplies/Servic,Venture,,
5/9/2017,A-D Archambault Plumbing,A-D ARCHAMBAULT PL,359,debit,Home Supplies/Servic,Venture,,
9/26/2017,Amazon,Amazon,180,debit,Home Supplies/Servic,Venture,,
9/12/2017,CN Brown,CN BROWN COMPANY,443.61,debit,Home Supplies/Servic,Venture,,
3/7/2017,CN Brown,CN BROWN COMPANY,780.41,debit,Home Supplies/Servic,Venture,,
10/29/2016,CN Brown,CN BROWN COMPANY,596.91,debit,Home Supplies/Servic,Venture,,
8/29/2017,FOREST PUMP AND FILTER,FOREST PUMP AND FILTER,16,debit,Home Supplies/Servic,Venture,,
10/7/2016,FOREST PUMP AND FILTER,FOREST PUMP AND FILTER,16,debit,Home Supplies/Servic,Venture,,
11/7/2017,Home Depot,Home Depot,14.94,credit,Home Supplies/Servic,Venture,,
11/7/2017,Home Depot,Home Depot,22.57,debit,Home Supplies/Servic,Venture,,
11/7/2017,Home Depot,Home Depot,34.14,debit,Home Supplies/Servic,Venture,,
10/20/2017,Home Depot,Home Depot,39.76,debit,Home Supplies/Servic,Venture,,
8/28/2017,Home Depot,Home Depot,11.46,debit,Home Supplies/Servic,Venture,,
5/26/2017,Home Depot,Home Depot,28.89,debit,Home Supplies/Servic,Venture,,
5/9/2017,Home Depot,Home Depot,36.24,debit,Home Supplies/Servic,Venture,,
5/8/2017,Home Depot,Home Depot,154,debit,Home Supplies/Servic,Venture,,
4/25/2017,Home Depot,Home Depot,77.82,debit,Home Supplies/Servic,Venture,,
4/8/2017,Home Depot,Home Depot,158.7,debit,Home Supplies/Servic,Venture,,
3/11/2017,Home Depot,Home Depot,16.92,debit,Home Supplies/Servic,Venture,,
12/28/2016,Home Depot,Home Depot,37,debit,Home Supplies/Servic,Venture,,
11/7/2016,Home Depot,Home Depot,33.32,debit,Home Supplies/Servic,Venture,,
9/27/2016,Home Depot,Home Depot,31.16,debit,Home Supplies/Servic,Venture,,
8/15/2016,Home Depot,Home Depot,26.5,debit,Home Supplies/Servic,Venture,,
8/1/2016,Home Depot,Home Depot,27.44,debit,Home Supplies/Servic,Venture,,
8/21/2017,Lowes,LOWES #02449*,10.42,debit,Home Supplies/Servic,Venture,,
7/29/2017,Lowes,LOWES #02449*,10.97,debit,Home Supplies/Servic,Venture,,
5/31/2017,Lowes,LOWES #02449*,30,debit,Home Supplies/Servic,Venture,,
5/29/2017,Lowes,LOWES #02374*,20.25,debit,Home Supplies/Servic,Venture,,
5/10/2017,Lowes,LOWES #02449*,48.23,debit,Home Supplies/Servic,Venture,,
2/20/2017,Lowes,LOWES #02449*,24.99,debit,Home Supplies/Servic,Venture,,
9/21/2016,Lowes,LOWES #02449*,84.98,credit,Home Supplies/Servic,Venture,,
9/12/2016,Lowes,LOWES #02449*,14.97,debit,Home Supplies/Servic,Venture,,
9/12/2016,Lowes,LOWES #02449*,134.96,debit,Home Supplies/Servic,Venture,,
7/4/2016,PETES BARGAIN BASEMENT,PETES BARGAIN BASEMENT,1254,debit,Home Supplies/Servic,Venture,,
7/4/2016,SLEEPYS YZ0,SLEEPYS YZ0,299.99,debit,Home Supplies/Servic,Venture,,
7/23/2016,SQ *RADON CLEAR LLC.,SQ *RADON CLEAR LLC.,1195,debit,Home Supplies/Servic,Venture,,
5/29/2017,TAYLOR RENTAL FARMINGTON,TAYLOR RENTAL FARMINGTON,50,credit,Home Supplies/Servic,Venture,,
5/27/2017,TAYLOR RENTAL FARMINGTON,TAYLOR RENTAL FARMINGTON,119.9,debit,Home Supplies/Servic,Venture,,
5/24/2017,TAYLOR RENTAL FARMINGTON,TAYLOR RENTAL FARMINGTON,50,debit,Home Supplies/Servic,Venture,,
10/19/2016,THE FREE-DOG FENCE CO,THE FREE-DOG FENCE CO,1625,debit,Home Supplies/Servic,Venture,,
9/28/2016,THE FREE-DOG FENCE CO,THE FREE-DOG FENCE CO,200,debit,Home Supplies/Servic,Venture,,
5/27/2017,TRACTOR SUPPLY CO #1638,TRACTOR SUPPLY CO #1638,21.24,debit,Home Supplies/Servic,Venture,,
3/11/2017,TRACTOR SUPPLY CO #1638,TRACTOR SUPPLY CO #1638,39.85,debit,Home Supplies/Servic,Venture,,
2/6/2017,TRACTOR SUPPLY CO #1638,TRACTOR SUPPLY CO #1638,35.43,debit,Home Supplies/Servic,Venture,,
7/11/2016,TRACTOR SUPPLY CO #1638,TRACTOR SUPPLY CO #1638,211.95,debit,Home Supplies/Servic,Venture,,
7/4/2016,TRACTOR SUPPLY CO #1638,TRACTOR SUPPLY CO #1638,121.97,debit,Home Supplies/Servic,Venture,,
9/13/2017,TRUGREEN,TRUGREEN LP *5860,79.95,debit,Home Supplies/Servic,Venture,,
8/16/2017,TRUGREEN,TRUGREEN LP *5860,79.95,debit,Home Supplies/Servic,Venture,,
7/14/2017,TRUGREEN,TRUGREEN LP *5860,79.95,debit,Home Supplies/Servic,Venture,,
6/10/2017,TRUGREEN,TRUGREEN LP *5860,39.95,debit,Home Supplies/Servic,Venture,,
6/1/2017,WARRANTY GLOBAL GROUP,WARRANTY GLOBAL GROUP,500,debit,Home Supplies/Servic,Venture,,
1/6/2017,HITCHSWITCH,HITCHSWITCH,89,debit,Misc Expenses,Venture,,
11/13/2017,Amazon,Amazon,27.68,debit,Misc Shopping,Venture,,
11/10/2017,Amazon,Amazon,11.99,debit,Misc Shopping,Venture,,
11/9/2017,Amazon,Amazon,9.99,debit,Misc Shopping,Venture,,
9/26/2017,Amazon,Amazon,5.75,debit,Misc Shopping,Venture,,
9/22/2017,Amazon,Amazon,6.6,debit,Misc Shopping,Venture,,
7/28/2017,Amazon,Amazon,21.99,debit,Misc Shopping,Venture,,
6/29/2017,Amazon,Amazon,20.47,debit,Misc Shopping,Venture,,
6/19/2017,Amazon,Amazon,22.95,debit,Misc Shopping,Venture,,
10/11/2016,CANVAS POSTER PRINT,CANVAS POSTER PRINT,23.98,debit,Misc Shopping,Venture,,
12/26/2016,Christmas Tree Shops,CHRISTMAS TREE #7044,19.97,debit,Misc Shopping,Venture,,
12/24/2016,Christmas Tree Shops,CHRISTMAS TREE #7046,23.97,debit,Misc Shopping,Venture,,
9/5/2016,Christmas Tree Shops,CHRISTMAS TREE #7046,12.99,debit,Misc Shopping,Venture,,
9/5/2016,Christmas Tree Shops,CHRISTMAS TREE #7046,80.88,debit,Misc Shopping,Venture,,
6/9/2017,DRESSLILY,DRESSLILY,34.04,debit,Misc Shopping,Venture,,
6/10/2017,Etsy.com,Etsy.com - CherryTees,42.98,debit,Misc Shopping,Venture,,
12/15/2016,Etsy.com,Etsy.com - TpcDesignStudi,17,debit,Misc Shopping,Venture,,
8/17/2016,Etsy.com,ETSY.COM,25,debit,Misc Shopping,Venture,,
8/17/2016,Etsy.com,ETSY.COM,30.5,debit,Misc Shopping,Venture,,
7/28/2016,Etsy.com,ETSY.COM,51.06,debit,Misc Shopping,Venture,,
7/28/2016,Etsy.com,ETSY.COM,20.95,debit,Misc Shopping,Venture,,
8/13/2016,Michael's,MICHAELS STORES 9908,73.74,debit,Misc Shopping,Venture,,
8/1/2016,Michael's,MICHAELS STORES 9908,45.7,debit,Misc Shopping,Venture,,
2/1/2017,ORDER.WISH.COM,ORDER.WISH.COM,25.65,debit,Misc Shopping,Venture,,
2/1/2017,ORDER.WISH.COM,ORDER.WISH.COM,1,debit,Misc Shopping,Venture,,
4/3/2017,PAYPAL *DRESSLILY,PAYPAL *DRESSLILY,30.77,debit,Misc Shopping,Venture,,
10/12/2016,PAYPAL *FAIRYSEASON,PAYPAL *FAIRYSEASON,28.48,debit,Misc Shopping,Venture,,
12/14/2016,PHOTOAFFECTIONS.COM,PHOTOAFFECTIONS.COM,12.87,debit,Misc Shopping,Venture,,
11/16/2016,PHOTOAFFECTIONS.COM,PHOTOAFFECTIONS.COM,18.24,debit,Misc Shopping,Venture,,
10/10/2016,PHOTOAFFECTIONS.COM,PHOTOAFFECTIONS.COM,12.7,debit,Misc Shopping,Venture,,
2/1/2017,WISH.COM,WISH.COM,1,debit,Misc Shopping,Venture,,
2/1/2017,WISH.COM,WISH.COM,24.3,debit,Misc Shopping,Venture,,
6/12/2017,Verizon Wireless,VERIZON WRL MY ACCT VN,179.2,debit,Mobile Phone,Venture,,
5/12/2017,Verizon Wireless,VERIZON WRL MY ACCT VN,229.41,debit,Mobile Phone,Venture,,
11/11/2017,Verizon Wireless,VZWRLSS*APOCC VISN,179.28,debit,Mobile Phone,Venture,,
10/11/2017,Verizon Wireless,VZWRLSS*APOCC VISN,179.24,debit,Mobile Phone,Venture,,
9/11/2017,Verizon Wireless,VZWRLSS*APOCC VISN,179.24,debit,Mobile Phone,Venture,,
8/11/2017,Verizon Wireless,VZWRLSS*APOCC VISN,179.24,debit,Mobile Phone,Venture,,
7/11/2017,Verizon Wireless,VZWRLSS*APOCC VISN,179.2,debit,Mobile Phone,Venture,,
10/18/2017,Amazon,Amazon,10.25,debit,Movies & DVDs,Venture,,
7/4/2017,CINEMAGIC THEATER,CINEMAGIC THEATER,18.73,debit,Movies & DVDs,Venture,,
2/6/2017,HOYT NEWINGTON 12,HOYT NEWINGTON 12,17.95,debit,Movies & DVDs,Venture,,
10/17/2017,PATRON *THEMUSICHALL,PATRON *THEMUSICHALL,192,debit,Movies & DVDs,Venture,,
2/20/2017,City Portsmouth,"CITY OF PORTSMOUTH, NH",3.75,debit,Parking,Venture,,
2/20/2017,City Portsmouth,"CITY OF PORTSMOUTH, NH",3.75,debit,Parking,Venture,,
9/12/2016,City Portsmouth,"CITY OF PORTSMOUTH, NH",2.5,debit,Parking,Venture,,
7/27/2017,1 800 PETMEDS,1 800 PETMEDS,35.78,debit,Pet Food & Supplies,Venture,,
11/11/2017,Amazon,Amazon,10.97,debit,Pet Food & Supplies,Venture,,
11/11/2017,Amazon,Amazon,45.99,debit,Pet Food & Supplies,Venture,,
10/23/2017,Amazon,Amazon,91.98,debit,Pet Food & Supplies,Venture,,
10/6/2017,Amazon,Amazon,52.98,debit,Pet Food & Supplies,Venture,,
9/11/2017,Amazon,Amazon,43.69,debit,Pet Food & Supplies,Venture,,
8/14/2017,Amazon,Amazon,45.99,debit,Pet Food & Supplies,Venture,,
7/31/2017,Amazon,Amazon,45.99,debit,Pet Food & Supplies,Venture,,
6/29/2017,Amazon,Amazon,45.99,debit,Pet Food & Supplies,Venture,,
5/15/2017,Amazon,Amazon,45.99,debit,Pet Food & Supplies,Venture,,
12/21/2016,Amazon,Amazon,45.99,debit,Pet Food & Supplies,Venture,,
10/26/2016,Amazon,Amazon,45.99,debit,Pet Food & Supplies,Venture,,
9/3/2016,Amazon,Amazon,45.99,debit,Pet Food & Supplies,Venture,,
8/15/2016,Amazon,Amazon,45.99,debit,Pet Food & Supplies,Venture,,
11/16/2017,Foster Smith,FOSTER SMITH MAIL ORDR,173.7,debit,Pet Food & Supplies,Venture,,
10/19/2017,Foster Smith,FOSTER SMITH MAIL ORDR,80.15,debit,Pet Food & Supplies,Venture,,
8/19/2017,Foster Smith,FOSTER SMITH MAIL ORDR,136.2,debit,Pet Food & Supplies,Venture,,
7/29/2017,Foster Smith,FOSTER SMITH MAIL ORDR,136.2,debit,Pet Food & Supplies,Venture,,
2/20/2017,KITTERY TRADING POST,KITTERY TRADING POST,21.07,debit,Pet Food & Supplies,Venture,,
10/20/2017,Petco,PETCO 3706    63537062,7.99,debit,Pet Food & Supplies,Venture,,
7/31/2017,Petco,PETCO 3770    63537708,14.99,debit,Pet Food & Supplies,Venture,,
12/29/2016,PFD*PET360,PFD*PET360,50.64,debit,Pet Food & Supplies,Venture,,
9/25/2017,CVS,CVS/PHARMACY #02197,17.31,debit,Pharmacy,Venture,,
7/4/2017,CVS,CVS/PHARMACY #02197,0.78,debit,Pharmacy,Venture,,
6/19/2017,CVS,CVS/PHARMACY #02197,26.4,debit,Pharmacy,Venture,,
5/15/2017,CVS,CVS/PHARMACY #02197,31.27,debit,Pharmacy,Venture,,
5/8/2017,CVS,CVS/PHARMACY #02197,16.78,debit,Pharmacy,Venture,,
4/8/2017,CVS,CVS/PHARMACY #02197,30.97,debit,Pharmacy,Venture,,
11/8/2016,RITE AID STORE - 10291,RITE AID STORE - 10291,24.58,debit,Pharmacy,Venture,,
8/21/2017,RITE AID STORE - 10300,RITE AID STORE - 10300,21.15,debit,Pharmacy,Venture,,
7/3/2017,WWW.CAREMARK.COM,WWW.CAREMARK.COM,25.46,debit,Pharmacy,Venture,,
9/15/2017,The Insitutes,IIA/CPCU INSTITUTE,1582.24,debit,Prof Designation,Venture,,
8/2/2017,The Insitutes,IIA/CPCU INSTITUTE,374.16,debit,Prof Designation,Venture,,
6/17/2017,The Insitutes,IIA/CPCU INSTITUTE,600.56,debit,Prof Designation,Venture,,
2/24/2017,The Insitutes,IIA/CPCU INSTITUTE,115,debit,Prof Designation,Venture,,
12/21/2016,The Insitutes,IIA/CPCU INSTITUTE,1174.24,debit,Prof Designation,Venture,,
10/6/2016,The Insitutes,IIA/CPCU INSTITUTE,343,debit,Prof Designation,Venture,,
9/29/2016,The Insitutes,IIA/CPCU INSTITUTE,247.28,debit,Prof Designation,Venture,,
9/5/2016,BEANTOWN PUB - BOSTON,BEANTOWN PUB - BOSTON,37,debit,Restaurants,Venture,,
3/24/2017,British Beer Company,BRITISH BEER COMPA,90,debit,Restaurants,Venture,,
2/20/2017,British Beer Company,BRITISH BEER COMPA,50,debit,Restaurants,Venture,,
9/5/2016,CARROLL - ANN BAKERY,CARROLL - ANN BAKERY,9.77,debit,Restaurants,Venture,,
7/28/2017,CATAQUA PUBLIC HOUSE,CATAQUA PUBLIC HOUSE,15,debit,Restaurants,Venture,,
11/6/2017,Farmington House of Pizza,FARMINGTON HOUSE OF,35,debit,Restaurants,Venture,,
10/6/2017,Farmington House of Pizza,FARMINGTON HOUSE OF,4.91,debit,Restaurants,Venture,,
9/14/2017,Farmington House of Pizza,FARMINGTON HOUSE OF,14.67,debit,Restaurants,Venture,,
7/24/2017,Farmington House of Pizza,FARMINGTON HOUSE OF,21,debit,Restaurants,Venture,,
4/18/2017,Farmington House of Pizza,FARMINGTON HOUSE OF,12.76,debit,Restaurants,Venture,,
11/20/2017,Fat Belly's,FAT BELLY'S,24.53,debit,Restaurants,Venture,,
8/7/2017,FEZZIWIG FOOD & FOUNTAIN,FEZZIWIG FOOD & FOUNTAIN,6.5,debit,Restaurants,Venture,,
7/8/2017,FRIENDLY'S ICE CRE,FRIENDLY'S ICE CRE,18,debit,Restaurants,Venture,,
9/5/2016,FROST ICE BAR,FROST ICE BAR,30,debit,Restaurants,Venture,,
2/6/2017,Granite Steak & Grill,GRANITE STEAK AND GRILL,39,debit,Restaurants,Venture,,
8/14/2017,Margaritas,MARGARITAS DOVER,56,debit,Restaurants,Venture,,
3/18/2017,Margaritas,MARGARITAS DOVER,35.04,debit,Restaurants,Venture,,
2/20/2017,POCOS BOW STREET CANTINA,POCOS BOW STREET CANTINA,24,debit,Restaurants,Venture,,
10/25/2017,POOR PEOPLES PUB INC,POOR PEOPLES PUB INC,40,debit,Restaurants,Venture,,
7/31/2017,POOR PEOPLES PUB INC,POOR PEOPLES PUB INC,33,debit,Restaurants,Venture,,
6/22/2017,PORTSMOUTH PIZZA FACTORY,PORTSMOUTH PIZZA FACTORY,14.12,debit,Restaurants,Venture,,
7/5/2017,RIVER HOUSE Restaurants,RIVER HOUSE Restaurants,45,debit,Restaurants,Venture,,
1/23/2017,SAIGON AND  TOKYO,SAIGON AND  TOKYO,52,debit,Restaurants,Venture,,
10/23/2017,THE FARMERS KITCHEN,THE FARMERS KITCHEN,27,debit,Restaurants,Venture,,
7/14/2017,THE FARMERS KITCHEN,THE FARMERS KITCHEN,30.2,debit,Restaurants,Venture,,
1/23/2017,THE FARMERS KITCHEN,THE FARMERS KITCHEN,30.09,debit,Restaurants,Venture,,
9/15/2016,THE FRIENDLY TOAST,THE FRIENDLY TOAST,48,debit,Restaurants,Venture,,
11/20/2017,Thirsty Moose,THIRSTY MOOSE TAPH,33,debit,Restaurants,Venture,,
1/3/2017,TUMBLEDOWN CAFE,TUMBLEDOWN CAFE,65,debit,Restaurants,Venture,,
8/3/2017,WILD WILLYS BURGERS,WILD WILLYS BURGERS,32.48,debit,Restaurants,Venture,,
2/7/2017,Autozone,AUTOZONE #3216,63.46,debit,Service & Parts,Venture,,
11/2/2017,Meineke,MEINEKE CAR CARE CENTE,34.95,debit,Service & Parts,Venture,,
9/8/2017,Meineke,MEINEKE CAR CARE CENTE,74.95,debit,Service & Parts,Venture,,
9/1/2017,Meineke,MEINEKE CAR CARE CENTE,40,debit,Service & Parts,Venture,,
7/14/2017,Meineke,MEINEKE CAR CARE CENTE,53.8,debit,Service & Parts,Venture,,
11/8/2016,Meineke,MEINEKE CAR CARE CENTE,413.18,debit,Service & Parts,Venture,,
10/17/2016,Meineke,MEINEKE CAR CARE CENTE,24.95,debit,Service & Parts,Venture,,
9/26/2016,Meineke,MEINEKE CAR CARE CENTE,87.43,debit,Service & Parts,Venture,,
9/12/2016,Meineke,MEINEKE CAR CARE CENTE,371.93,debit,Service & Parts,Venture,,
8/22/2016,Meineke,MEINEKE CAR CARE CENTE,160.28,debit,Service & Parts,Venture,,
8/15/2016,Meineke,MEINEKE CAR CARE CENTE,85.14,debit,Service & Parts,Venture,,
10/3/2017,PORT CITY NISSAN INC,PORT CITY NISSAN INC,437.03,debit,Service & Parts,Venture,,
8/13/2016,VIP 03 ROCHESTER,VIP 03 ROCHESTER,731.11,debit,Service & Parts,Venture,,
12/16/2016,ACADEMY.COM,ACADEMY.COM,364.78,debit,Shopping,Venture,,
2/28/2017,Adore Me,ADORE ME,29.95,debit,Shopping,Venture,,
4/25/2017,Amazon,Amazon,22.97,debit,Shopping,Venture,,
4/19/2017,Amazon,Amazon,21.68,debit,Shopping,Venture,,
4/18/2017,Amazon,Amazon,3.47,debit,Shopping,Venture,,
4/11/2017,Amazon,Amazon,14.94,debit,Shopping,Venture,,
4/1/2017,Amazon,Amazon,17.34,debit,Shopping,Venture,,
3/21/2017,Amazon,Amazon,9.46,debit,Shopping,Venture,,
2/1/2017,Amazon,Amazon,31.99,debit,Shopping,Venture,,
12/22/2016,Amazon,Amazon,22.99,debit,Shopping,Venture,,
12/20/2016,Amazon,Amazon,22.99,debit,Shopping,Venture,,
12/17/2016,Amazon,Amazon,15.75,debit,Shopping,Venture,,
12/15/2016,Amazon,Amazon,59.31,debit,Shopping,Venture,,
10/25/2016,Amazon,Amazon,6.99,debit,Shopping,Venture,,
9/29/2016,Amazon,Amazon,21.08,debit,Shopping,Venture,,
8/29/2016,Amazon,Amazon,6.11,debit,Shopping,Venture,,
8/29/2016,Amazon,Amazon,37.8,debit,Shopping,Venture,,
8/29/2016,Amazon,Amazon,16.99,debit,Shopping,Venture,,
8/26/2016,Amazon,Amazon,14.65,debit,Shopping,Venture,,
8/24/2016,Amazon,Amazon,34.83,debit,Shopping,Venture,,
8/24/2016,Amazon,Amazon,62.95,debit,Shopping,Venture,,
8/18/2016,Amazon,Amazon,14.99,debit,Shopping,Venture,,
8/16/2016,Amazon,Amazon,10,debit,Shopping,Venture,,
8/16/2016,Amazon,Amazon,54.99,debit,Shopping,Venture,,
1/2/2017,Bass Pro Shops,"BASS PRO STORE HOOKSETT,",29.99,debit,Shopping,Venture,,
5/12/2017,Bespoke Post,BESPOKE POST,39,credit,Shopping,Venture,,
3/1/2017,Bespoke Post,BESPOKE POST,45,debit,Shopping,Venture,,
11/14/2016,Bespoke Post,BESPOKE POST,45,debit,Shopping,Venture,,
10/31/2016,Big Lots,BIG LOTS STORES - #4597,23.5,debit,Shopping,Venture,,
8/31/2016,COSMOPROF 66152,COSMOPROF 66152,18.75,debit,Shopping,Venture,,
5/8/2017,Dollar Tree,DOLLAR TREE,8.45,debit,Shopping,Venture,,
3/6/2017,ELFMADE & CO. LLC,ELFMADE & CO. LLC,20.9,debit,Shopping,Venture,,
8/13/2016,HARBOR FREIGHT CATALOG,HARBOR FREIGHT CATALOG,65.97,debit,Shopping,Venture,,
9/28/2017,HAYNEEDLE,HAYNEEDLE,23.32,debit,Shopping,Venture,,
9/25/2017,HAYNEEDLE,HAYNEEDLE,105.03,debit,Shopping,Venture,,
9/7/2017,HAYNEEDLE,HAYNEEDLE,167.19,debit,Shopping,Venture,,
9/6/2017,HAYNEEDLE,HAYNEEDLE,319.98,debit,Shopping,Venture,,
8/22/2016,Hobby Lobby,HOBBY LOBBY #721,23.12,debit,Shopping,Venture,,
8/14/2017,Jo-Ann Stores,JO-ANN STORE #2301,15.26,debit,Shopping,Venture,,
9/12/2016,Jo-Ann Stores,JO-ANN STORE #2301,18.47,debit,Shopping,Venture,,
8/26/2016,Jo-Ann Stores,JO-ANN STORE #2301,24.98,debit,Shopping,Venture,,
8/12/2016,Jo-Ann Stores,JO-ANN STORE #2301,61.95,debit,Shopping,Venture,,
9/29/2016,LAKESIDE COLLECTION,LAKESIDE COLLECTION,27.93,debit,Shopping,Venture,,
10/6/2017,LULUS,LULUS,58,debit,Shopping,Venture,,
8/13/2016,MACRO POLO,MACRO POLO,17.95,debit,Shopping,Venture,,
7/28/2017,ORDER.WISH.COM,ORDER.WISH.COM,22.95,debit,Shopping,Venture,,
8/15/2016,ORIENTAL TRADING CO,ORIENTAL TRADING CO,83.16,debit,Shopping,Venture,,
8/13/2016,ORIENTAL TRADING CO,ORIENTAL TRADING CO,91.96,debit,Shopping,Venture,,
1/10/2017,PURCHASE ADJUSTMENT,PURCHASE ADJUSTMENT,364.78,credit,Shopping,Venture,,
6/19/2017,SHOE SHOW 0989,SHOE SHOW 0989,30.32,debit,Shopping,Venture,,
10/19/2017,SPIRIT HALLOWEEN ECOMM,SPIRIT HALLOWEEN ECOMM,38.98,debit,Shopping,Venture,,
9/5/2016,SQ *LIQUOR WICKS,SQ *LIQUOR WICKS,36,debit,Shopping,Venture,,
1/18/2017,STAPLES       00103739,STAPLES       00103739,23.49,debit,Shopping,Venture,,
8/25/2016,STAPLES       00103739,STAPLES       00103739,8.99,debit,Shopping,Venture,,
10/2/2017,Target,TARGET        00021824,27.45,debit,Shopping,Venture,,
7/27/2017,Target,TARGET.COM  *,35.99,debit,Shopping,Venture,,
2/15/2017,Target,TARGET        00021824,13.98,debit,Shopping,Venture,,
1/23/2017,Target,TARGET        00021824,39.98,debit,Shopping,Venture,,
11/14/2016,Target,TARGET        00021824,7.72,debit,Shopping,Venture,,
11/14/2016,Target,TARGET        00021824,14.48,debit,Shopping,Venture,,
10/4/2016,Target,TARGET.COM  *,102.99,debit,Shopping,Venture,,
9/26/2016,Target,TARGET        00025304,59.04,debit,Shopping,Venture,,
9/3/2016,Target,TARGET        00021824,64.67,debit,Shopping,Venture,,
8/13/2016,YANKEE CANDLE 3399,YANKEE CANDLE 3399,80.97,debit,Shopping,Venture,,
5/8/2017,I SPA & NAILS LLC,I SPA & NAILS LLC,30,debit,Spa & Massage,Venture,,
9/2/2017,BJ's Wholesale Club,BJMBRSHIP8002572582,50,debit,Subscriptions,Venture,,
10/31/2017,FANTASYDATA LLC,FANTASYDATA LLC,15,debit,Subscriptions,Venture,,
4/17/2017,SQ *BONEHEAD DESIGN,SQ *BONEHEAD DESIGN,130,debit,Tatoo,Venture,,
3/6/2017,SQ *BONEHEAD DESIGN,SQ *BONEHEAD DESIGN,200,debit,Tatoo,Venture,,
3/6/2017,SQ *BONEHEAD DESIGN,SQ *BONEHEAD DESIGN,70,debit,Tatoo,Venture,,
11/1/2017,Capital One,CAPITAL ONE MOBILE PYMT,2650,credit,Transfer,Venture,,
10/9/2017,Capital One,CAPITAL ONE MOBILE PYMT,1000,credit,Transfer,Venture,,
9/28/2017,Capital One,CAPITAL ONE MOBILE PYMT,2568,credit,Transfer,Venture,,
9/13/2017,Capital One,CAPITAL ONE MOBILE PYMT,1615,credit,Transfer,Venture,,
8/17/2017,Capital One,CAPITAL ONE MOBILE PYMT,1374.31,credit,Transfer,Venture,,
8/3/2017,Capital One,CAPITAL ONE MOBILE PYMT,1165,credit,Transfer,Venture,,
7/20/2017,Capital One,CAPITAL ONE MOBILE PYMT,1520,credit,Transfer,Venture,,
6/26/2017,Capital One,CAPITAL ONE MOBILE PYMT,1058,credit,Transfer,Venture,,
6/1/2017,Capital One,CAPITAL ONE MOBILE PYMT,1800,credit,Transfer,Venture,,
4/25/2017,Capital One,CAPITAL ONE MOBILE PYMT,1900,credit,Transfer,Venture,,
3/15/2017,Capital One,CAPITAL ONE MOBILE PYMT,2000.89,credit,Transfer,Venture,,
2/25/2017,Capital One,CAPITAL ONE MOBILE PYMT,900,credit,Transfer,Venture,,
2/1/2017,Capital One,CAPITAL ONE MOBILE PYMT,2849,credit,Transfer,Venture,,
12/19/2016,Capital One,CAPITAL ONE MOBILE PYMT,1650,credit,Transfer,Venture,,
11/21/2016,Capital One,CAPITAL ONE MOBILE PYMT,2405,credit,Transfer,Venture,,
10/27/2016,Capital One,CAPITAL ONE MOBILE PYMT,3700,credit,Transfer,Venture,,
10/5/2016,Capital One,CAPITAL ONE MOBILE PYMT,3366.62,credit,Transfer,Venture,,
9/26/2016,Capital One,CAPITAL ONE MOBILE PYMT,3666.19,credit,Transfer,Venture,,
8/29/2016,Capital One,CAPITAL ONE MOBILE PYMT,3999.79,credit,Transfer,Venture,,
8/9/2016,Capital One,CAPITAL ONE MOBILE PYMT,900,credit,Transfer,Venture,,
7/28/2016,Capital One,CAPITAL ONE MOBILE PYMT,3200.98,credit,Transfer,Venture,,
7/19/2016,Capital One,CAPITAL ONE MOBILE PYMT,2329.05,credit,Transfer,Venture,,
10/4/2016,AMR DIRECT LLC,AMR DIRECT LLC,2880,debit,Wedding expenses,Venture,,
3/21/2017,AMTRAK,AMTRAK .COM 0780748096358,40,debit,Travel,Venture,,
4/30/2017,HERITAGE HOUSE HOTEL,HERITAGE HOUSE HOTEL,15.09,credit,Travel,Venture,,
4/24/2017,HERITAGE HOUSE HOTEL,HERITAGE HOUSE HOTEL,144.09,debit,Travel,Venture,,
11/1/2017,JetBlue,JETBLUE     2792187045729,254.39,debit,Travel,Venture,,
2/15/2017,JetBlue,JETBLUE     2792169595469,71,debit,Travel,Venture,,
2/15/2017,JetBlue,JETBLUE     2792169596327,5.6,debit,Travel,Venture,,
1/18/2017,JetBlue,JETBLUE     2792167669449,11.2,debit,Travel,Venture,,
1/18/2017,JetBlue,JETBLUE     2792167668430,219.4,debit,Travel,Venture,,
1/18/2017,JetBlue,POINTS JETBLUE,92.18,debit,Travel,Venture,,
12/12/2016,JetBlue,JETBLUE     2792605538728,40,debit,Travel,Venture,,
12/5/2016,JetBlue,JETBLUE     2792605401777,40,debit,Travel,Venture,,
8/4/2016,JetBlue,JETBLUE     2792157082952,1332.72,debit,Travel,Venture,,
8/31/2016,MBTA Wonderland,MBTA DOWNTOWN XNG,9,debit,Travel,Venture,,
8/31/2016,MBTA Wonderland,MBTA WONDERLAND,9,debit,Travel,Venture,,
10/28/2016,PAYPAL *SEABOBDOMIN,PAYPAL *SEABOBDOMIN,188,debit,Travel,Venture,,
11/7/2016,RESORTS ADV - AMSTAR,RESORTS ADV - AMSTAR,90,debit,Travel,Venture,,
12/3/2016,SCUBA CARIBE ONLINE,SCUBA CARIBE ONLINE,70.2,debit,Travel,Venture,,
11/22/2017,Travel Reward,CREDIT-TRAVEL REWARD,254.39,credit,Travel,Venture,,
4/11/2017,Travel Reward,CREDIT-TRAVEL REWARD,144.63,credit,Travel,Venture,,
10/1/2016,Travel Reward,CREDIT-TRAVEL REWARD,151.55,credit,Travel,Venture,,
8/9/2016,Travel Reward,CREDIT-TRAVEL REWARD,905.31,credit,Travel,Venture,,
10/6/2016,THE UPS STORE 4927,THE UPS STORE 4927,34.59,debit,USPS/ UPS,Venture,,
10/9/2017,USPS,USPS PO 3271400867,7.2,debit,USPS/ UPS,Venture,,
11/20/2017,Broadview Animal Hospital,BROADVIEW ANIMAL HOSPI,58.2,debit,Veterinary,Venture,,
10/23/2017,Broadview Animal Hospital,BROADVIEW ANIMAL HOSPI,67.15,debit,Veterinary,Venture,,
10/16/2017,Broadview Animal Hospital,BROADVIEW ANIMAL HOSPI,67.15,debit,Veterinary,Venture,,
10/2/2017,Broadview Animal Hospital,BROADVIEW ANIMAL HOSPI,67.15,debit,Veterinary,Venture,,
9/25/2017,Broadview Animal Hospital,BROADVIEW ANIMAL HOSPI,67.15,debit,Veterinary,Venture,,
9/15/2017,Broadview Animal Hospital,BROADVIEW ANIMAL HOSPI,380.25,debit,Veterinary,Venture,,
8/28/2017,Broadview Animal Hospital,BROADVIEW ANIMAL HOSPI,67.15,debit,Veterinary,Venture,,
8/14/2017,Broadview Animal Hospital,BROADVIEW ANIMAL HOSPI,67.15,debit,Veterinary,Venture,,
7/24/2017,Broadview Animal Hospital,BROADVIEW ANIMAL HOSPI,119.1,debit,Veterinary,Venture,,
7/19/2017,Broadview Animal Hospital,BROADVIEW ANIMAL HOSPI,334.25,debit,Veterinary,Venture,,
3/20/2017,Broadview Animal Hospital,BROADVIEW ANIMAL HOSPI,67.85,debit,Veterinary,Venture,,
3/6/2017,Broadview Animal Hospital,BROADVIEW ANIMAL HOSPI,83.85,debit,Veterinary,Venture,,
12/5/2016,Broadview Animal Hospital,BROADVIEW ANIMAL HOSPI,84.92,debit,Veterinary,Venture,,
11/8/2016,Broadview Animal Hospital,BROADVIEW ANIMAL HOSPI,138.42,debit,Veterinary,Venture,,
10/19/2016,Broadview Animal Hospital,BROADVIEW ANIMAL HOSPI,165.42,debit,Veterinary,Venture,,
9/28/2016,Broadview Animal Hospital,BROADVIEW ANIMAL HOSPI,65.97,debit,Veterinary,Venture,,
9/21/2016,Broadview Animal Hospital,BROADVIEW ANIMAL HOSPI,85.02,debit,Veterinary,Venture,,
9/12/2016,Broadview Animal Hospital,BROADVIEW ANIMAL HOSPI,183.55,debit,Veterinary,Venture,,
9/8/2016,Broadview Animal Hospital,BROADVIEW ANIMAL HOSPI,24.75,debit,Veterinary,Venture,,
9/3/2016,Broadview Animal Hospital,BROADVIEW ANIMAL HOSPI,65.97,debit,Veterinary,Venture,,
8/11/2016,Broadview Animal Hospital,BROADVIEW ANIMAL HOSPI,65.97,debit,Veterinary,Venture,,
8/4/2016,Broadview Animal Hospital,BROADVIEW ANIMAL HOSPI,373.72,debit,Veterinary,Venture,,
9/4/2017,Petco,PETCO 3770    63537708,54.99,debit,Veterinary,Venture,,
7/31/2017,Petco,PETCO 3770    63537708,63,debit,Veterinary,Venture,,
7/3/2017,Petco,PETCO 3770    63537708,63,debit,Veterinary,Venture,,
5/19/2017,Petco,PETCO 3770    63537708,94.97,debit,Veterinary,Venture,,
5/15/2017,Petco,VETCO,74,debit,Veterinary,Venture,,
7/26/2016,Alie Jewlers,ALIE JEWELERS,410,debit,Wedding expenses,Venture,,
9/16/2016,BUTTERNUT FARM LLC,BUTTERNUT FARM LLC,29.84,debit,Wedding expenses,Venture,,
9/17/2016,CHILL CATERING,CHILL CATERING,41.75,debit,Wedding expenses,Venture,,
7/25/2016,CHILL CATERING,CHILL CATERING,1200,debit,Wedding expenses,Venture,,
9/20/2016,COMFORT INN DOVER,COMFORT INN DOVER,390.22,debit,Wedding expenses,Venture,,
2/20/2017,FEDERAL CIGAR Portsmouth,FEDERAL CIGAR Portsmouth,32.1,debit,Wedding expenses,Venture,,
9/12/2016,FEDERAL CIGAR Portsmouth,FEDERAL CIGAR PORTSMOUTH,72.74,debit,Wedding expenses,Venture,,
8/18/2016,MARSHALL RENTAL CENTER,MARSHALL RENTAL CENTER,729.2,debit,Wedding expenses,Venture,,
10/13/2016,MEMORIES GOWN PRSRVTN,MEMORIES GOWN PRSRVTN,60,debit,Wedding expenses,Venture,,
8/15/2016,NH Liquor Store,NH LIQUOR STORE #09,87.96,debit,Wedding expenses,Venture,,
8/15/2016,NH Liquor Store,NH LIQUOR STORE #09,63.68,debit,Wedding expenses,Venture,,
8/15/2016,NH Liquor Store,NH LIQUOR STORE #09,54.95,debit,Wedding expenses,Venture,,
9/16/2016,NH Liquor Store,NH LIQUOR STORE #43,61.97,debit,Wedding expenses,Venture,,
7/22/2016,NH Liquor Store,NH LIQUOR STORE #43,76.96,debit,Wedding expenses,Venture,,
7/26/2016,PAYPAL *CNOID75,PAYPAL *CNOID75,162.5,debit,Wedding expenses,Venture,,
9/16/2016,PIERCING PAGODA 00241,PIERCING PAGODA 00241,173.98,debit,Wedding expenses,Venture,,
8/20/2016,SOLE CITY DANCE,SOLE CITY DANCE,145,debit,Wedding expenses,Venture,,
7/16/2016,SOLE CITY DANCE,SOLE CITY DANCE,145,debit,Wedding expenses,Venture,,
7/21/2016,SQ *SHERRY'S CAKES BY THE,SQ *SHERRY'S CAKES BY THE,95.44,debit,Wedding expenses,Venture,,
9/16/2016,STUARTS GREENHOUSES,STUARTS GREENHOUSES,80,debit,Wedding expenses,Venture,,
9/16/2016,STUDLEY FLOWER GARDENA,STUDLEY FLOWER GARDENA,15,debit,Wedding expenses,Venture,,
9/16/2016,STUDLEY FLOWER GARDENA,STUDLEY FLOWER GARDENA,30,debit,Wedding expenses,Venture,,
9/13/2016,THE MENS WEARHOUSE #5120,THE MENS WEARHOUSE #5120,310.98,debit,Wedding expenses,Venture,,
9/2/2016,VIATOR/TRIPADVISOR,VIATOR/TRIPADVISOR,24,debit,Wedding expenses,Venture,,
9/1/2016,VIATOR/TRIPADVISOR,VIATOR/TRIPADVISOR,50,debit,Wedding expenses,Venture,,
9/1/2016,VIATOR/TRIPADVISOR,VIATOR/TRIPADVISOR,19.9,debit,Wedding expenses,Venture,,
